<?xml version="1.0" encoding="UTF-8"?>
<BaliMessageLog>
    <Task name="Export">
        <Message>
            <ID>1191031</ID>
            <Severity>1</Severity>
        </Message>
    </Task>
    <Task name="Map">
        <Message>
            <ID>71003020</ID>
            <Severity>16</Severity>
            <Dynamic>SPI1_8_in</Dynamic>
        </Message>
        <Message>
            <ID>71003020</ID>
            <Severity>16</Severity>
            <Dynamic>SPI1_8_in</Dynamic>
        </Message>
    </Task>
    <Task name="PAR">
        <Message>
            <ID>71003020</ID>
            <Severity>16</Severity>
            <Dynamic>SPI1_8_in</Dynamic>
        </Message>
        <Message>
            <ID>71003020</ID>
            <Severity>16</Severity>
            <Dynamic>SPI1_8_in</Dynamic>
        </Message>
        <Message>
            <ID>71003020</ID>
            <Severity>16</Severity>
            <Dynamic>SPI1_8_in</Dynamic>
        </Message>
        <Message>
            <ID>71003020</ID>
            <Severity>16</Severity>
            <Dynamic>SPI1_8_in</Dynamic>
        </Message>
    </Task>
    <Task name="Synthesis">
        <Message>
            <ID>35001786</ID>
            <Severity>1</Severity>
        </Message>
        <Message>
            <ID>35002033</ID>
            <Severity>16</Severity>
            <Dynamic>d:/mystuff/projects/core i/forth_computer - strip/forthproc.sv</Dynamic>
        </Message>
        <Message>
            <ID>35901328</ID>
            <Severity>1</Severity>
            <Dynamic>c:/lscc/radiant/2022.1/ip/pmi/pmi_ice40up.v(1):</Dynamic>
            <Dynamic>c:/lscc/radiant/2022.1/ip/pmi/pmi_addsub.v</Dynamic>
            <Navigation>c:/lscc/radiant/2022.1/ip/pmi/pmi_ice40up.v</Navigation>
            <Navigation>1</Navigation>
        </Message>
        <Message>
            <ID>35901328</ID>
            <Severity>1</Severity>
            <Dynamic>c:/lscc/radiant/2022.1/ip/pmi/pmi_addsub.v(40):</Dynamic>
            <Dynamic>c:/lscc/radiant/2022.1/ip/pmi/../common/adder_subtractor/rtl/lscc_add_sub.v</Dynamic>
            <Navigation>c:/lscc/radiant/2022.1/ip/pmi/pmi_addsub.v</Navigation>
            <Navigation>40</Navigation>
        </Message>
        <Message>
            <ID>35901328</ID>
            <Severity>1</Severity>
            <Dynamic>c:/lscc/radiant/2022.1/ip/pmi/pmi_ice40up.v(2):</Dynamic>
            <Dynamic>c:/lscc/radiant/2022.1/ip/pmi/pmi_add.v</Dynamic>
            <Navigation>c:/lscc/radiant/2022.1/ip/pmi/pmi_ice40up.v</Navigation>
            <Navigation>2</Navigation>
        </Message>
        <Message>
            <ID>35901328</ID>
            <Severity>1</Severity>
            <Dynamic>c:/lscc/radiant/2022.1/ip/pmi/pmi_add.v(50):</Dynamic>
            <Dynamic>c:/lscc/radiant/2022.1/ip/pmi/../common/adder/rtl/lscc_adder.v</Dynamic>
            <Navigation>c:/lscc/radiant/2022.1/ip/pmi/pmi_add.v</Navigation>
            <Navigation>50</Navigation>
        </Message>
        <Message>
            <ID>35901328</ID>
            <Severity>1</Severity>
            <Dynamic>c:/lscc/radiant/2022.1/ip/pmi/pmi_ice40up.v(3):</Dynamic>
            <Dynamic>c:/lscc/radiant/2022.1/ip/pmi/pmi_complex_mult.v</Dynamic>
            <Navigation>c:/lscc/radiant/2022.1/ip/pmi/pmi_ice40up.v</Navigation>
            <Navigation>3</Navigation>
        </Message>
        <Message>
            <ID>35901328</ID>
            <Severity>1</Severity>
            <Dynamic>c:/lscc/radiant/2022.1/ip/pmi/pmi_complex_mult.v(52):</Dynamic>
            <Dynamic>c:/lscc/radiant/2022.1/ip/pmi/../common/complex_mult/rtl/lscc_complex_mult.v</Dynamic>
            <Navigation>c:/lscc/radiant/2022.1/ip/pmi/pmi_complex_mult.v</Navigation>
            <Navigation>52</Navigation>
        </Message>
        <Message>
            <ID>35901328</ID>
            <Severity>1</Severity>
            <Dynamic>c:/lscc/radiant/2022.1/ip/pmi/pmi_ice40up.v(4):</Dynamic>
            <Dynamic>c:/lscc/radiant/2022.1/ip/pmi/pmi_counter.v</Dynamic>
            <Navigation>c:/lscc/radiant/2022.1/ip/pmi/pmi_ice40up.v</Navigation>
            <Navigation>4</Navigation>
        </Message>
        <Message>
            <ID>35901328</ID>
            <Severity>1</Severity>
            <Dynamic>c:/lscc/radiant/2022.1/ip/pmi/pmi_counter.v(39):</Dynamic>
            <Dynamic>c:/lscc/radiant/2022.1/ip/pmi/../common/counter/rtl/lscc_cntr.v</Dynamic>
            <Navigation>c:/lscc/radiant/2022.1/ip/pmi/pmi_counter.v</Navigation>
            <Navigation>39</Navigation>
        </Message>
        <Message>
            <ID>35901328</ID>
            <Severity>1</Severity>
            <Dynamic>c:/lscc/radiant/2022.1/ip/pmi/pmi_ice40up.v(5):</Dynamic>
            <Dynamic>c:/lscc/radiant/2022.1/ip/pmi/pmi_fifo.v</Dynamic>
            <Navigation>c:/lscc/radiant/2022.1/ip/pmi/pmi_ice40up.v</Navigation>
            <Navigation>5</Navigation>
        </Message>
        <Message>
            <ID>35901328</ID>
            <Severity>1</Severity>
            <Dynamic>c:/lscc/radiant/2022.1/ip/pmi/pmi_fifo.v(44):</Dynamic>
            <Dynamic>c:/lscc/radiant/2022.1/ip/pmi/../avant/fifo/rtl/lscc_fifo.v</Dynamic>
            <Navigation>c:/lscc/radiant/2022.1/ip/pmi/pmi_fifo.v</Navigation>
            <Navigation>44</Navigation>
        </Message>
        <Message>
            <ID>35901328</ID>
            <Severity>1</Severity>
            <Dynamic>c:/lscc/radiant/2022.1/ip/pmi/pmi_ice40up.v(6):</Dynamic>
            <Dynamic>c:/lscc/radiant/2022.1/ip/pmi/pmi_fifo_dc.v</Dynamic>
            <Navigation>c:/lscc/radiant/2022.1/ip/pmi/pmi_ice40up.v</Navigation>
            <Navigation>6</Navigation>
        </Message>
        <Message>
            <ID>35901328</ID>
            <Severity>1</Severity>
            <Dynamic>c:/lscc/radiant/2022.1/ip/pmi/pmi_fifo_dc.v(47):</Dynamic>
            <Dynamic>c:/lscc/radiant/2022.1/ip/pmi/../avant/fifo_dc/rtl/lscc_fifo_dc.v</Dynamic>
            <Navigation>c:/lscc/radiant/2022.1/ip/pmi/pmi_fifo_dc.v</Navigation>
            <Navigation>47</Navigation>
        </Message>
        <Message>
            <ID>35901328</ID>
            <Severity>1</Severity>
            <Dynamic>c:/lscc/radiant/2022.1/ip/pmi/pmi_ice40up.v(7):</Dynamic>
            <Dynamic>c:/lscc/radiant/2022.1/ip/pmi/pmi_mac.v</Dynamic>
            <Navigation>c:/lscc/radiant/2022.1/ip/pmi/pmi_ice40up.v</Navigation>
            <Navigation>7</Navigation>
        </Message>
        <Message>
            <ID>35901328</ID>
            <Severity>1</Severity>
            <Dynamic>c:/lscc/radiant/2022.1/ip/pmi/pmi_mac.v(52):</Dynamic>
            <Dynamic>c:/lscc/radiant/2022.1/ip/pmi/../common/mult_accumulate/rtl/lscc_mult_accumulate.v</Dynamic>
            <Navigation>c:/lscc/radiant/2022.1/ip/pmi/pmi_mac.v</Navigation>
            <Navigation>52</Navigation>
        </Message>
        <Message>
            <ID>35901328</ID>
            <Severity>1</Severity>
            <Dynamic>c:/lscc/radiant/2022.1/ip/pmi/pmi_ice40up.v(8):</Dynamic>
            <Dynamic>c:/lscc/radiant/2022.1/ip/pmi/pmi_multaddsubsum.v</Dynamic>
            <Navigation>c:/lscc/radiant/2022.1/ip/pmi/pmi_ice40up.v</Navigation>
            <Navigation>8</Navigation>
        </Message>
        <Message>
            <ID>35901328</ID>
            <Severity>1</Severity>
            <Dynamic>c:/lscc/radiant/2022.1/ip/pmi/pmi_multaddsubsum.v(53):</Dynamic>
            <Dynamic>c:/lscc/radiant/2022.1/ip/pmi/../common/mult_add_sub_sum/rtl/lscc_mult_add_sub_sum.v</Dynamic>
            <Navigation>c:/lscc/radiant/2022.1/ip/pmi/pmi_multaddsubsum.v</Navigation>
            <Navigation>53</Navigation>
        </Message>
        <Message>
            <ID>35901328</ID>
            <Severity>1</Severity>
            <Dynamic>c:/lscc/radiant/2022.1/ip/pmi/pmi_ice40up.v(9):</Dynamic>
            <Dynamic>c:/lscc/radiant/2022.1/ip/pmi/pmi_multaddsub.v</Dynamic>
            <Navigation>c:/lscc/radiant/2022.1/ip/pmi/pmi_ice40up.v</Navigation>
            <Navigation>9</Navigation>
        </Message>
        <Message>
            <ID>35901328</ID>
            <Severity>1</Severity>
            <Dynamic>c:/lscc/radiant/2022.1/ip/pmi/pmi_multaddsub.v(52):</Dynamic>
            <Dynamic>c:/lscc/radiant/2022.1/ip/pmi/../common/mult_add_sub/rtl/lscc_mult_add_sub.v</Dynamic>
            <Navigation>c:/lscc/radiant/2022.1/ip/pmi/pmi_multaddsub.v</Navigation>
            <Navigation>52</Navigation>
        </Message>
        <Message>
            <ID>35901328</ID>
            <Severity>1</Severity>
            <Dynamic>c:/lscc/radiant/2022.1/ip/pmi/pmi_ice40up.v(10):</Dynamic>
            <Dynamic>c:/lscc/radiant/2022.1/ip/pmi/pmi_mult.v</Dynamic>
            <Navigation>c:/lscc/radiant/2022.1/ip/pmi/pmi_ice40up.v</Navigation>
            <Navigation>10</Navigation>
        </Message>
        <Message>
            <ID>35901328</ID>
            <Severity>1</Severity>
            <Dynamic>c:/lscc/radiant/2022.1/ip/pmi/pmi_mult.v(51):</Dynamic>
            <Dynamic>c:/lscc/radiant/2022.1/ip/pmi/../common/multiplier/rtl/lscc_multiplier.v</Dynamic>
            <Navigation>c:/lscc/radiant/2022.1/ip/pmi/pmi_mult.v</Navigation>
            <Navigation>51</Navigation>
        </Message>
        <Message>
            <ID>35901328</ID>
            <Severity>1</Severity>
            <Dynamic>c:/lscc/radiant/2022.1/ip/pmi/pmi_ice40up.v(11):</Dynamic>
            <Dynamic>c:/lscc/radiant/2022.1/ip/pmi/pmi_ram_dp.v</Dynamic>
            <Navigation>c:/lscc/radiant/2022.1/ip/pmi/pmi_ice40up.v</Navigation>
            <Navigation>11</Navigation>
        </Message>
        <Message>
            <ID>35901328</ID>
            <Severity>1</Severity>
            <Dynamic>c:/lscc/radiant/2022.1/ip/pmi/pmi_ram_dp.v(48):</Dynamic>
            <Dynamic>c:/lscc/radiant/2022.1/ip/pmi/../avant/ram_dp/rtl/lscc_ram_dp.v</Dynamic>
            <Navigation>c:/lscc/radiant/2022.1/ip/pmi/pmi_ram_dp.v</Navigation>
            <Navigation>48</Navigation>
        </Message>
        <Message>
            <ID>35901328</ID>
            <Severity>1</Severity>
            <Dynamic>c:/lscc/radiant/2022.1/ip/pmi/pmi_ice40up.v(12):</Dynamic>
            <Dynamic>c:/lscc/radiant/2022.1/ip/pmi/pmi_ram_dq.v</Dynamic>
            <Navigation>c:/lscc/radiant/2022.1/ip/pmi/pmi_ice40up.v</Navigation>
            <Navigation>12</Navigation>
        </Message>
        <Message>
            <ID>35901328</ID>
            <Severity>1</Severity>
            <Dynamic>c:/lscc/radiant/2022.1/ip/pmi/pmi_ram_dq.v(45):</Dynamic>
            <Dynamic>c:/lscc/radiant/2022.1/ip/pmi/../avant/ram_dq/rtl/lscc_ram_dq.v</Dynamic>
            <Navigation>c:/lscc/radiant/2022.1/ip/pmi/pmi_ram_dq.v</Navigation>
            <Navigation>45</Navigation>
        </Message>
        <Message>
            <ID>35901328</ID>
            <Severity>1</Severity>
            <Dynamic>c:/lscc/radiant/2022.1/ip/pmi/pmi_ice40up.v(13):</Dynamic>
            <Dynamic>c:/lscc/radiant/2022.1/ip/pmi/pmi_rom.v</Dynamic>
            <Navigation>c:/lscc/radiant/2022.1/ip/pmi/pmi_ice40up.v</Navigation>
            <Navigation>13</Navigation>
        </Message>
        <Message>
            <ID>35901328</ID>
            <Severity>1</Severity>
            <Dynamic>c:/lscc/radiant/2022.1/ip/pmi/pmi_rom.v(45):</Dynamic>
            <Dynamic>c:/lscc/radiant/2022.1/ip/pmi/../avant/rom/rtl/lscc_rom.v</Dynamic>
            <Navigation>c:/lscc/radiant/2022.1/ip/pmi/pmi_rom.v</Navigation>
            <Navigation>45</Navigation>
        </Message>
        <Message>
            <ID>35901328</ID>
            <Severity>1</Severity>
            <Dynamic>c:/lscc/radiant/2022.1/ip/pmi/pmi_ice40up.v(14):</Dynamic>
            <Dynamic>c:/lscc/radiant/2022.1/ip/pmi/pmi_sub.v</Dynamic>
            <Navigation>c:/lscc/radiant/2022.1/ip/pmi/pmi_ice40up.v</Navigation>
            <Navigation>14</Navigation>
        </Message>
        <Message>
            <ID>35901328</ID>
            <Severity>1</Severity>
            <Dynamic>c:/lscc/radiant/2022.1/ip/pmi/pmi_sub.v(50):</Dynamic>
            <Dynamic>c:/lscc/radiant/2022.1/ip/pmi/../common/subtractor/rtl/lscc_subtractor.v</Dynamic>
            <Navigation>c:/lscc/radiant/2022.1/ip/pmi/pmi_sub.v</Navigation>
            <Navigation>50</Navigation>
        </Message>
        <Message>
            <ID>35901328</ID>
            <Severity>1</Severity>
            <Dynamic>c:/lscc/radiant/2022.1/ip/pmi/pmi_ice40up.v(15):</Dynamic>
            <Dynamic>c:/lscc/radiant/2022.1/ip/pmi/pmi_ram_dp_be.v</Dynamic>
            <Navigation>c:/lscc/radiant/2022.1/ip/pmi/pmi_ice40up.v</Navigation>
            <Navigation>15</Navigation>
        </Message>
        <Message>
            <ID>35901328</ID>
            <Severity>1</Severity>
            <Dynamic>c:/lscc/radiant/2022.1/ip/pmi/pmi_ram_dp_be.v(49):</Dynamic>
            <Dynamic>c:/lscc/radiant/2022.1/ip/pmi/../avant/ram_dp/rtl/lscc_ram_dp.v</Dynamic>
            <Navigation>c:/lscc/radiant/2022.1/ip/pmi/pmi_ram_dp_be.v</Navigation>
            <Navigation>49</Navigation>
        </Message>
        <Message>
            <ID>35901328</ID>
            <Severity>1</Severity>
            <Dynamic>c:/lscc/radiant/2022.1/ip/pmi/pmi_ice40up.v(16):</Dynamic>
            <Dynamic>c:/lscc/radiant/2022.1/ip/pmi/pmi_ram_dq_be.v</Dynamic>
            <Navigation>c:/lscc/radiant/2022.1/ip/pmi/pmi_ice40up.v</Navigation>
            <Navigation>16</Navigation>
        </Message>
        <Message>
            <ID>35901328</ID>
            <Severity>1</Severity>
            <Dynamic>c:/lscc/radiant/2022.1/ip/pmi/pmi_ram_dq_be.v(45):</Dynamic>
            <Dynamic>c:/lscc/radiant/2022.1/ip/pmi/../avant/ram_dq/rtl/lscc_ram_dq.v</Dynamic>
            <Navigation>c:/lscc/radiant/2022.1/ip/pmi/pmi_ram_dq_be.v</Navigation>
            <Navigation>45</Navigation>
        </Message>
        <Message>
            <ID>35901328</ID>
            <Severity>1</Severity>
            <Dynamic>c:/lscc/radiant/2022.1/ip/pmi/pmi_ice40up.v(17):</Dynamic>
            <Dynamic>c:/lscc/radiant/2022.1/ip/pmi/pmi_dsp.v</Dynamic>
            <Navigation>c:/lscc/radiant/2022.1/ip/pmi/pmi_ice40up.v</Navigation>
            <Navigation>17</Navigation>
        </Message>
        <Message>
            <ID>35921014</ID>
            <Severity>1</Severity>
            <Dynamic>c:/lscc/radiant/2022.1/ip/pmi/pmi_ice40up.vhd(4):</Dynamic>
            <Dynamic>components</Dynamic>
            <Navigation>c:/lscc/radiant/2022.1/ip/pmi/pmi_ice40up.vhd</Navigation>
            <Navigation>4</Navigation>
        </Message>
        <Message>
            <ID>35921504</ID>
            <Severity>1</Severity>
            <Dynamic></Dynamic>
            <Dynamic>D:/MyStuff/Projects/CORE I/Forth_Computer - strip/ForthProc</Dynamic>
        </Message>
        <Message>
            <ID>35901018</ID>
            <Severity>1</Severity>
            <Dynamic>d:/mystuff/projects/core i/forth_computer - strip/forthproc.sv(131):</Dynamic>
            <Dynamic>ForthProc</Dynamic>
            <Navigation>d:/mystuff/projects/core i/forth_computer - strip/forthproc.sv</Navigation>
            <Navigation>131</Navigation>
        </Message>
        <Message>
            <ID>35901209</ID>
            <Severity>16</Severity>
            <Dynamic>d:/mystuff/projects/core i/forth_computer - strip/forthproc.sv(278):</Dynamic>
            <Dynamic>32</Dynamic>
            <Dynamic>8</Dynamic>
            <Navigation>d:/mystuff/projects/core i/forth_computer - strip/forthproc.sv</Navigation>
            <Navigation>278</Navigation>
        </Message>
        <Message>
            <ID>35901209</ID>
            <Severity>16</Severity>
            <Dynamic>d:/mystuff/projects/core i/forth_computer - strip/forthproc.sv(344):</Dynamic>
            <Dynamic>32</Dynamic>
            <Dynamic>10</Dynamic>
            <Navigation>d:/mystuff/projects/core i/forth_computer - strip/forthproc.sv</Navigation>
            <Navigation>344</Navigation>
        </Message>
        <Message>
            <ID>35901209</ID>
            <Severity>16</Severity>
            <Dynamic>d:/mystuff/projects/core i/forth_computer - strip/forthproc.sv(393):</Dynamic>
            <Dynamic>32</Dynamic>
            <Dynamic>10</Dynamic>
            <Navigation>d:/mystuff/projects/core i/forth_computer - strip/forthproc.sv</Navigation>
            <Navigation>393</Navigation>
        </Message>
        <Message>
            <ID>35901209</ID>
            <Severity>16</Severity>
            <Dynamic>d:/mystuff/projects/core i/forth_computer - strip/forthproc.sv(442):</Dynamic>
            <Dynamic>32</Dynamic>
            <Dynamic>8</Dynamic>
            <Navigation>d:/mystuff/projects/core i/forth_computer - strip/forthproc.sv</Navigation>
            <Navigation>442</Navigation>
        </Message>
        <Message>
            <ID>35901209</ID>
            <Severity>16</Severity>
            <Dynamic>d:/mystuff/projects/core i/forth_computer - strip/forthproc.sv(467):</Dynamic>
            <Dynamic>32</Dynamic>
            <Dynamic>10</Dynamic>
            <Navigation>d:/mystuff/projects/core i/forth_computer - strip/forthproc.sv</Navigation>
            <Navigation>467</Navigation>
        </Message>
        <Message>
            <ID>35901018</ID>
            <Severity>1</Severity>
            <Dynamic>C:/lscc/radiant/2022.1/ispfpga/../cae_library/synthesis/verilog/iCE40UP.v(601):</Dynamic>
            <Dynamic>RGB(RGB0_CURRENT=&quot;0b000001&quot;,RGB1_CURRENT=&quot;0b000001&quot;,RGB2_CURRENT=&quot;0b000001&quot;)</Dynamic>
            <Navigation>C:/lscc/radiant/2022.1/ispfpga/../cae_library/synthesis/verilog/iCE40UP.v</Navigation>
            <Navigation>601</Navigation>
        </Message>
        <Message>
            <ID>35901209</ID>
            <Severity>16</Severity>
            <Dynamic>d:/mystuff/projects/core i/forth_computer - strip/forthproc.sv(649):</Dynamic>
            <Dynamic>32</Dynamic>
            <Dynamic>1</Dynamic>
            <Navigation>d:/mystuff/projects/core i/forth_computer - strip/forthproc.sv</Navigation>
            <Navigation>649</Navigation>
        </Message>
        <Message>
            <ID>35901209</ID>
            <Severity>16</Severity>
            <Dynamic>d:/mystuff/projects/core i/forth_computer - strip/forthproc.sv(651):</Dynamic>
            <Dynamic>32</Dynamic>
            <Dynamic>10</Dynamic>
            <Navigation>d:/mystuff/projects/core i/forth_computer - strip/forthproc.sv</Navigation>
            <Navigation>651</Navigation>
        </Message>
        <Message>
            <ID>35901209</ID>
            <Severity>16</Severity>
            <Dynamic>d:/mystuff/projects/core i/forth_computer - strip/forthproc.sv(663):</Dynamic>
            <Dynamic>32</Dynamic>
            <Dynamic>10</Dynamic>
            <Navigation>d:/mystuff/projects/core i/forth_computer - strip/forthproc.sv</Navigation>
            <Navigation>663</Navigation>
        </Message>
        <Message>
            <ID>35901209</ID>
            <Severity>16</Severity>
            <Dynamic>d:/mystuff/projects/core i/forth_computer - strip/forthproc.sv(695):</Dynamic>
            <Dynamic>32</Dynamic>
            <Dynamic>10</Dynamic>
            <Navigation>d:/mystuff/projects/core i/forth_computer - strip/forthproc.sv</Navigation>
            <Navigation>695</Navigation>
        </Message>
        <Message>
            <ID>35901209</ID>
            <Severity>16</Severity>
            <Dynamic>d:/mystuff/projects/core i/forth_computer - strip/forthproc.sv(701):</Dynamic>
            <Dynamic>16</Dynamic>
            <Dynamic>10</Dynamic>
            <Navigation>d:/mystuff/projects/core i/forth_computer - strip/forthproc.sv</Navigation>
            <Navigation>701</Navigation>
        </Message>
        <Message>
            <ID>35901209</ID>
            <Severity>16</Severity>
            <Dynamic>d:/mystuff/projects/core i/forth_computer - strip/forthproc.sv(769):</Dynamic>
            <Dynamic>32</Dynamic>
            <Dynamic>10</Dynamic>
            <Navigation>d:/mystuff/projects/core i/forth_computer - strip/forthproc.sv</Navigation>
            <Navigation>769</Navigation>
        </Message>
        <Message>
            <ID>35901209</ID>
            <Severity>16</Severity>
            <Dynamic>d:/mystuff/projects/core i/forth_computer - strip/forthproc.sv(773):</Dynamic>
            <Dynamic>32</Dynamic>
            <Dynamic>4</Dynamic>
            <Navigation>d:/mystuff/projects/core i/forth_computer - strip/forthproc.sv</Navigation>
            <Navigation>773</Navigation>
        </Message>
        <Message>
            <ID>35901209</ID>
            <Severity>16</Severity>
            <Dynamic>d:/mystuff/projects/core i/forth_computer - strip/forthproc.sv(802):</Dynamic>
            <Dynamic>32</Dynamic>
            <Dynamic>10</Dynamic>
            <Navigation>d:/mystuff/projects/core i/forth_computer - strip/forthproc.sv</Navigation>
            <Navigation>802</Navigation>
        </Message>
        <Message>
            <ID>35901209</ID>
            <Severity>16</Severity>
            <Dynamic>d:/mystuff/projects/core i/forth_computer - strip/forthproc.sv(815):</Dynamic>
            <Dynamic>32</Dynamic>
            <Dynamic>4</Dynamic>
            <Navigation>d:/mystuff/projects/core i/forth_computer - strip/forthproc.sv</Navigation>
            <Navigation>815</Navigation>
        </Message>
        <Message>
            <ID>35901209</ID>
            <Severity>16</Severity>
            <Dynamic>d:/mystuff/projects/core i/forth_computer - strip/forthproc.sv(845):</Dynamic>
            <Dynamic>7</Dynamic>
            <Dynamic>1</Dynamic>
            <Navigation>d:/mystuff/projects/core i/forth_computer - strip/forthproc.sv</Navigation>
            <Navigation>845</Navigation>
        </Message>
        <Message>
            <ID>35931002</ID>
            <Severity>16</Severity>
            <Dynamic>d:/mystuff/projects/core i/forth_computer - strip/forthproc.sv(222):</Dynamic>
            <Dynamic>bootROM[200][31]</Dynamic>
            <Navigation>d:/mystuff/projects/core i/forth_computer - strip/forthproc.sv</Navigation>
            <Navigation>222</Navigation>
        </Message>
        <Message>
            <ID>35935013</ID>
            <Severity>16</Severity>
            <Dynamic>d:/mystuff/projects/core i/forth_computer - strip/forthproc.sv(874):</Dynamic>
            <Dynamic>SPI2_16_ss</Dynamic>
            <Navigation>d:/mystuff/projects/core i/forth_computer - strip/forthproc.sv</Navigation>
            <Navigation>874</Navigation>
        </Message>
        <Message>
            <ID>35002028</ID>
            <Severity>16</Severity>
            <Dynamic>SPI1_8_in</Dynamic>
        </Message>
        <Message>
            <ID>35002028</ID>
            <Severity>16</Severity>
            <Dynamic>PWM_CH1</Dynamic>
        </Message>
        <Message>
            <ID>35002028</ID>
            <Severity>16</Severity>
            <Dynamic>PWM_CH2</Dynamic>
        </Message>
        <Message>
            <ID>35002028</ID>
            <Severity>16</Severity>
            <Dynamic>PWM_CH3</Dynamic>
        </Message>
        <Message>
            <ID>35002028</ID>
            <Severity>16</Severity>
            <Dynamic>PWM_CH4</Dynamic>
        </Message>
        <Message>
            <ID>35001774</ID>
            <Severity>1</Severity>
            <Dynamic>state</Dynamic>
            <Dynamic>one-hot</Dynamic>
        </Message>
        <Message>
            <ID>35001747</ID>
            <Severity>16</Severity>
            <Dynamic>15</Dynamic>
            <Dynamic>state_FSM</Dynamic>
        </Message>
        <Message>
            <ID>35001747</ID>
            <Severity>16</Severity>
            <Dynamic>14</Dynamic>
            <Dynamic>state_FSM</Dynamic>
        </Message>
        <Message>
            <ID>35001747</ID>
            <Severity>16</Severity>
            <Dynamic>13</Dynamic>
            <Dynamic>state_FSM</Dynamic>
        </Message>
        <Message>
            <ID>35001747</ID>
            <Severity>16</Severity>
            <Dynamic>12</Dynamic>
            <Dynamic>state_FSM</Dynamic>
        </Message>
        <Message>
            <ID>35001747</ID>
            <Severity>16</Severity>
            <Dynamic>31</Dynamic>
            <Dynamic>word_in[0]</Dynamic>
        </Message>
        <Message>
            <ID>35001747</ID>
            <Severity>16</Severity>
            <Dynamic>3</Dynamic>
            <Dynamic>comp_state</Dynamic>
        </Message>
        <Message>
            <ID>35001747</ID>
            <Severity>16</Severity>
            <Dynamic>7</Dynamic>
            <Dynamic>cells</Dynamic>
        </Message>
        <Message>
            <ID>35002028</ID>
            <Severity>16</Severity>
            <Dynamic>SPI1_8_in</Dynamic>
        </Message>
        <Message>
            <ID>35001263</ID>
            <Severity>16</Severity>
            <Dynamic>LED_G</Dynamic>
        </Message>
        <Message>
            <ID>35001263</ID>
            <Severity>16</Severity>
            <Dynamic>LED_B</Dynamic>
        </Message>
        <Message>
            <ID>35001263</ID>
            <Severity>16</Severity>
            <Dynamic>LED_R</Dynamic>
        </Message>
        <Message>
            <ID>35935013</ID>
            <Severity>16</Severity>
            <Dynamic>d:/mystuff/projects/core i/forth_computer - strip/forthproc.sv(349):</Dynamic>
            <Dynamic>bootROM[51]_i0</Dynamic>
            <Navigation>d:/mystuff/projects/core i/forth_computer - strip/forthproc.sv</Navigation>
            <Navigation>349</Navigation>
        </Message>
        <Message>
            <ID>35935014</ID>
            <Severity>16</Severity>
            <Dynamic>d:/mystuff/projects/core i/forth_computer - strip/forthproc.sv(349):</Dynamic>
            <Dynamic>bootROM[49]_i0</Dynamic>
            <Navigation>d:/mystuff/projects/core i/forth_computer - strip/forthproc.sv</Navigation>
            <Navigation>349</Navigation>
        </Message>
        <Message>
            <ID>35935013</ID>
            <Severity>16</Severity>
            <Dynamic>d:/mystuff/projects/core i/forth_computer - strip/forthproc.sv(545):</Dynamic>
            <Dynamic>newest_def_i10</Dynamic>
            <Navigation>d:/mystuff/projects/core i/forth_computer - strip/forthproc.sv</Navigation>
            <Navigation>545</Navigation>
        </Message>
        <Message>
            <ID>35935013</ID>
            <Severity>16</Severity>
            <Dynamic>d:/mystuff/projects/core i/forth_computer - strip/forthproc.sv(859):</Dynamic>
            <Dynamic>SPI1_8_out</Dynamic>
            <Navigation>d:/mystuff/projects/core i/forth_computer - strip/forthproc.sv</Navigation>
            <Navigation>859</Navigation>
        </Message>
        <Message>
            <ID>35002039</ID>
            <Severity>1</Severity>
        </Message>
    </Task>
</BaliMessageLog>